shap,channel,term,event,band
0.30976641379171704,Fp1,final,eye_close,alpha
-0.06882559291998183,Fp2,final,eye_close,alpha
-0.06272823837764763,F3,final,eye_close,alpha
-0.053712961896074884,F4,final,eye_close,alpha
0.14292450830802853,C3,final,eye_close,alpha
0.3317689595936932,C4,final,eye_close,alpha
0.703744733865897,P3,final,eye_close,alpha
-0.013405825484254796,P4,final,eye_close,alpha
-0.01522416133571933,O1,final,eye_close,alpha
0.044249520347815915,O2,final,eye_close,alpha
-0.10705569214446538,F7,final,eye_close,alpha
-0.09003514471213749,F8,final,eye_close,alpha
0.06782717089494178,T7,final,eye_close,alpha
-0.0989289969226677,T8,final,eye_close,alpha
0.03250731632353226,P7,final,eye_close,alpha
-0.06802462630274259,P8,final,eye_close,alpha
-0.09526263934647623,Fz,final,eye_close,alpha
-0.09795239996730765,Cz,final,eye_close,alpha
0.3694091802170256,Pz,final,eye_close,alpha
-0.14285005549855906,FC1,final,eye_close,alpha
-0.08499537163907352,FC2,final,eye_close,alpha
0.002410594401682662,CP1,final,eye_close,alpha
0.15002318089689864,CP2,final,eye_close,alpha
0.020544726555044256,FC5,final,eye_close,alpha
-0.05346482558142678,FC6,final,eye_close,alpha
1.4226757569523591,CP5,final,eye_close,alpha
-0.0485957581548257,CP6,final,eye_close,alpha
0.8192913325419309,FT9,final,eye_close,alpha
0.10450532664467672,FT10,final,eye_close,alpha
0.05118627727970776,TP9,final,eye_close,alpha
-0.004682617017548607,TP10,final,eye_close,alpha
0.04748984681416326,Fp1,final,eye_close,alpha
0.11567789895789453,Fp2,final,eye_close,alpha
-0.09030145396363604,F3,final,eye_close,alpha
-0.08631387159608656,F4,final,eye_close,alpha
-0.012198061134036134,C3,final,eye_close,alpha
0.3184404008564592,C4,final,eye_close,alpha
-0.024238936086951407,P3,final,eye_close,alpha
-0.03168166191930596,P4,final,eye_close,alpha
-0.00018328445400385583,O1,final,eye_close,alpha
-0.08086231119352458,O2,final,eye_close,alpha
-0.09647628999744753,F7,final,eye_close,alpha
-0.11438663771875578,F8,final,eye_close,alpha
0.04040112970572523,T7,final,eye_close,alpha
0.41754038040261526,T8,final,eye_close,alpha
0.003552907042467141,P7,final,eye_close,alpha
-0.07942593925846574,P8,final,eye_close,alpha
-0.10086651761138674,Fz,final,eye_close,alpha
-0.1110619991854205,Cz,final,eye_close,alpha
0.8664517407416017,Pz,final,eye_close,alpha
-0.16221629865690304,FC1,final,eye_close,alpha
-0.1587661914958395,FC2,final,eye_close,alpha
-0.07398668733512179,CP1,final,eye_close,alpha
-0.04298266158481843,CP2,final,eye_close,alpha
-0.13791171868661126,FC5,final,eye_close,alpha
-0.07181160643356031,FC6,final,eye_close,alpha
0.04271077902384418,CP5,final,eye_close,alpha
-0.06039035424492416,CP6,final,eye_close,alpha
0.024292776297226124,FT9,final,eye_close,alpha
-0.070834265943679,FT10,final,eye_close,alpha
0.2752871863857989,TP9,final,eye_close,alpha
-0.0544481730834009,TP10,final,eye_close,alpha
0.250865632040932,Fp1,midterm,eye_close,alpha
-0.06412122689359052,Fp2,midterm,eye_close,alpha
-0.024249409671251387,F3,midterm,eye_close,alpha
-0.055865938244210225,F4,midterm,eye_close,alpha
0.152972203985226,C3,midterm,eye_close,alpha
0.25563302476450617,C4,midterm,eye_close,alpha
0.6452615099382777,P3,midterm,eye_close,alpha
0.015829507646379512,P4,midterm,eye_close,alpha
0.023050588783308287,O1,midterm,eye_close,alpha
0.15249321861565382,O2,midterm,eye_close,alpha
-0.10636024979275281,F7,midterm,eye_close,alpha
-0.0724347324415075,F8,midterm,eye_close,alpha
0.08960175323182132,T7,midterm,eye_close,alpha
-0.09908566433556126,T8,midterm,eye_close,alpha
0.06905554684912935,P7,midterm,eye_close,alpha
-0.07928625552514794,P8,midterm,eye_close,alpha
-0.09947025952532387,Fz,midterm,eye_close,alpha
-0.10115051767743062,Cz,midterm,eye_close,alpha
0.33343143909258505,Pz,midterm,eye_close,alpha
-0.14148083882168222,FC1,midterm,eye_close,alpha
-0.09466757805097033,FC2,midterm,eye_close,alpha
-0.017421434540421013,CP1,midterm,eye_close,alpha
0.26871680785068885,CP2,midterm,eye_close,alpha
0.00399220390521506,FC5,midterm,eye_close,alpha
-0.056518671780357986,FC6,midterm,eye_close,alpha
1.1801687527897753,CP5,midterm,eye_close,alpha
-0.04750080753888238,CP6,midterm,eye_close,alpha
0.9505725966798185,FT9,midterm,eye_close,alpha
0.11702873389806366,FT10,midterm,eye_close,alpha
0.09703689021513623,TP9,midterm,eye_close,alpha
0.018120179874196563,TP10,midterm,eye_close,alpha
0.05132088514316376,Fp1,midterm,eye_close,alpha
0.1184548912429858,Fp2,midterm,eye_close,alpha
-0.066165128991471,F3,midterm,eye_close,alpha
-0.10017600020233208,F4,midterm,eye_close,alpha
0.006489854978661847,C3,midterm,eye_close,alpha
0.3042477773925498,C4,midterm,eye_close,alpha
0.005934580449041709,P3,midterm,eye_close,alpha
-0.04443471488612702,P4,midterm,eye_close,alpha
0.024488661658388974,O1,midterm,eye_close,alpha
-0.06576956916017838,O2,midterm,eye_close,alpha
-0.08891552197709522,F7,midterm,eye_close,alpha
-0.11079646161813941,F8,midterm,eye_close,alpha
0.0649168321484513,T7,midterm,eye_close,alpha
0.34032838521530784,T8,midterm,eye_close,alpha
0.04999063400850988,P7,midterm,eye_close,alpha
-0.07593503447787009,P8,midterm,eye_close,alpha
-0.11569986772705501,Fz,midterm,eye_close,alpha
-0.09988229385794432,Cz,midterm,eye_close,alpha
0.9852607845235615,Pz,midterm,eye_close,alpha
-0.15512757764638796,FC1,midterm,eye_close,alpha
-0.15829762787142115,FC2,midterm,eye_close,alpha
-0.04805301792431077,CP1,midterm,eye_close,alpha
-0.009882387619215626,CP2,midterm,eye_close,alpha
-0.14007009056959976,FC5,midterm,eye_close,alpha
-0.08130038467435463,FC6,midterm,eye_close,alpha
0.03884943007346555,CP5,midterm,eye_close,alpha
-0.024461719043104294,CP6,midterm,eye_close,alpha
0.04655403311460131,FT9,midterm,eye_close,alpha
-0.05444118000237775,FT10,midterm,eye_close,alpha
0.27790178354770884,TP9,midterm,eye_close,alpha
-0.05387816559003075,TP10,midterm,eye_close,alpha
0.34358472371900495,Fp1,final,eye_open,alpha
-0.0368573327702243,Fp2,final,eye_open,alpha
-0.09364961898388297,F3,final,eye_open,alpha
-0.06218877016219067,F4,final,eye_open,alpha
0.13438076883256933,C3,final,eye_open,alpha
0.24996891597520637,C4,final,eye_open,alpha
0.7099888469675835,P3,final,eye_open,alpha
-0.04553399333517071,P4,final,eye_open,alpha
-0.04338432222544941,O1,final,eye_open,alpha
0.03893224507182516,O2,final,eye_open,alpha
-0.11061576606735786,F7,final,eye_open,alpha
-0.08397579472031945,F8,final,eye_open,alpha
0.085917388383482,T7,final,eye_open,alpha
-0.10218479523200877,T8,final,eye_open,alpha
0.03965780259082269,P7,final,eye_open,alpha
-0.03828941289930478,P8,final,eye_open,alpha
-0.11500550124272285,Fz,final,eye_open,alpha
-0.07360979169213316,Cz,final,eye_open,alpha
0.303751757115231,Pz,final,eye_open,alpha
-0.1439130901631728,FC1,final,eye_open,alpha
-0.03985749740206932,FC2,final,eye_open,alpha
-0.001675755477248489,CP1,final,eye_open,alpha
0.16777435930190224,CP2,final,eye_open,alpha
0.004378068788473796,FC5,final,eye_open,alpha
-0.05396423763622695,FC6,final,eye_open,alpha
1.3877892269587033,CP5,final,eye_open,alpha
-0.06174816997211126,CP6,final,eye_open,alpha
0.9605393791025136,FT9,final,eye_open,alpha
0.04829547381794098,FT10,final,eye_open,alpha
0.06443013155546798,TP9,final,eye_open,alpha
-0.012559857957312511,TP10,final,eye_open,alpha
0.046674983044679395,Fp1,final,eye_open,alpha
0.05075672052659415,Fp2,final,eye_open,alpha
-0.05140653123968369,F3,final,eye_open,alpha
-0.11740634570963569,F4,final,eye_open,alpha
-0.0025210186862497674,C3,final,eye_open,alpha
0.2873080576316815,C4,final,eye_open,alpha
-0.018780352586429735,P3,final,eye_open,alpha
-0.05971179288971167,P4,final,eye_open,alpha
-0.009804701326033931,O1,final,eye_open,alpha
-0.07855106834412573,O2,final,eye_open,alpha
-0.0944338455310823,F7,final,eye_open,alpha
-0.10101811413477117,F8,final,eye_open,alpha
0.04326080586272244,T7,final,eye_open,alpha
0.5130638759172649,T8,final,eye_open,alpha
-0.02181101968216408,P7,final,eye_open,alpha
-0.0736966336310798,P8,final,eye_open,alpha
-0.07195185642949017,Fz,final,eye_open,alpha
-0.10775156439895439,Cz,final,eye_open,alpha
0.7512821475679857,Pz,final,eye_open,alpha
-0.16866379061335773,FC1,final,eye_open,alpha
-0.14579408893060325,FC2,final,eye_open,alpha
-0.08455035645177328,CP1,final,eye_open,alpha
-0.05479188865385222,CP2,final,eye_open,alpha
-0.14408705265062144,FC5,final,eye_open,alpha
-0.06358866531590275,FC6,final,eye_open,alpha
0.055760476055081755,CP5,final,eye_open,alpha
-0.06961573615654257,CP6,final,eye_open,alpha
0.002785537776281277,FT9,final,eye_open,alpha
-0.05134621593130713,FT10,final,eye_open,alpha
0.4196359122007716,TP9,final,eye_open,alpha
-0.018143822133857113,TP10,final,eye_open,alpha
0.24077080441389237,Fp1,midterm,eye_open,alpha
-0.044924892030899076,Fp2,midterm,eye_open,alpha
-0.10401589619863684,F3,midterm,eye_open,alpha
-0.0701274045476977,F4,midterm,eye_open,alpha
0.14497827271735034,C3,midterm,eye_open,alpha
0.1753872408359818,C4,midterm,eye_open,alpha
0.8730177721659557,P3,midterm,eye_open,alpha
-0.05509657060551041,P4,midterm,eye_open,alpha
-0.05683932761563194,O1,midterm,eye_open,alpha
0.011507064617443953,O2,midterm,eye_open,alpha
-0.11209423452136857,F7,midterm,eye_open,alpha
-0.09366104177640212,F8,midterm,eye_open,alpha
0.11826042511588523,T7,midterm,eye_open,alpha
-0.10907814520210148,T8,midterm,eye_open,alpha
0.041414665785462663,P7,midterm,eye_open,alpha
-0.03576822492927511,P8,midterm,eye_open,alpha
-0.12108497553891358,Fz,midterm,eye_open,alpha
-0.08290442359322453,Cz,midterm,eye_open,alpha
0.3036828086837209,Pz,midterm,eye_open,alpha
-0.15109924519233045,FC1,midterm,eye_open,alpha
-0.050931280977637085,FC2,midterm,eye_open,alpha
0.00527056174211736,CP1,midterm,eye_open,alpha
0.18211011449761344,CP2,midterm,eye_open,alpha
-0.01051614880424323,FC5,midterm,eye_open,alpha
-0.0492116518990695,FC6,midterm,eye_open,alpha
1.5379157091473048,CP5,midterm,eye_open,alpha
-0.07100223213048472,CP6,midterm,eye_open,alpha
0.8736954229628963,FT9,midterm,eye_open,alpha
0.013996057609955039,FT10,midterm,eye_open,alpha
0.019491999202868784,TP9,midterm,eye_open,alpha
-0.014768330161207013,TP10,midterm,eye_open,alpha
-0.005094206422083411,Fp1,midterm,eye_open,alpha
0.07192751577992745,Fp2,midterm,eye_open,alpha
-0.0809126675103948,F3,midterm,eye_open,alpha
-0.11587548604565433,F4,midterm,eye_open,alpha
0.01624612990099291,C3,midterm,eye_open,alpha
0.2629951497757466,C4,midterm,eye_open,alpha
-0.01692347695162056,P3,midterm,eye_open,alpha
-0.06083627120836459,P4,midterm,eye_open,alpha
0.03699561092058369,O1,midterm,eye_open,alpha
-0.080692759199727,O2,midterm,eye_open,alpha
-0.10823051242982613,F7,midterm,eye_open,alpha
-0.10419303423259867,F8,midterm,eye_open,alpha
0.047158551648829206,T7,midterm,eye_open,alpha
0.6097375569311821,T8,midterm,eye_open,alpha
-0.0045319953934853646,P7,midterm,eye_open,alpha
-0.05689397914646638,P8,midterm,eye_open,alpha
-0.09528251934554366,Fz,midterm,eye_open,alpha
-0.10924439032842354,Cz,midterm,eye_open,alpha
0.9566987931335593,Pz,midterm,eye_open,alpha
-0.1687249117069506,FC1,midterm,eye_open,alpha
-0.1584300865938041,FC2,midterm,eye_open,alpha
-0.07172904924292835,CP1,midterm,eye_open,alpha
-0.050276696086231136,CP2,midterm,eye_open,alpha
-0.15718219790918914,FC5,midterm,eye_open,alpha
-0.06564764186664614,FC6,midterm,eye_open,alpha
0.07794777577142666,CP5,midterm,eye_open,alpha
-0.07624730944053003,CP6,midterm,eye_open,alpha
0.004146181492969315,FT9,midterm,eye_open,alpha
-0.05751931994229272,FT10,midterm,eye_open,alpha
0.41378441240333486,TP9,midterm,eye_open,alpha
-0.008684335759709783,TP10,midterm,eye_open,alpha
-0.10009693944190821,Fp1,final,eye_close,beta
-0.14208604162212488,Fp2,final,eye_close,beta
0.049034662990140226,F3,final,eye_close,beta
-0.026475878521940856,F4,final,eye_close,beta
-0.024446635667900743,C3,final,eye_close,beta
0.5989658492875599,C4,final,eye_close,beta
0.16990800362547356,P3,final,eye_close,beta
-0.08013761084853072,P4,final,eye_close,beta
0.005365935296061754,O1,final,eye_close,beta
-0.0014242575647215139,O2,final,eye_close,beta
-0.09063073578204257,F7,final,eye_close,beta
-0.11500529952863763,F8,final,eye_close,beta
-0.0021927123586100872,T7,final,eye_close,beta
0.03001286862213085,T8,final,eye_close,beta
0.23377639069966283,P7,final,eye_close,beta
0.022598055735135746,P8,final,eye_close,beta
-0.03764037423303377,Fz,final,eye_close,beta
0.21132396298335362,Cz,final,eye_close,beta
-0.03982876966260934,Pz,final,eye_close,beta
-0.01143598168888701,FC1,final,eye_close,beta
-0.044958288778266124,FC2,final,eye_close,beta
-0.1042947079146684,CP1,final,eye_close,beta
0.6397589355713492,CP2,final,eye_close,beta
-0.04575370404896965,FC5,final,eye_close,beta
-0.10360612854789597,FC6,final,eye_close,beta
0.06660589976089303,CP5,final,eye_close,beta
-0.07303412490847337,CP6,final,eye_close,beta
-0.11450229127036178,FT9,final,eye_close,beta
0.1058281708440714,FT10,final,eye_close,beta
0.31751252153624826,TP9,final,eye_close,beta
-0.01860828070999467,TP10,final,eye_close,beta
0.0454600511128833,Fp1,final,eye_close,beta
-0.12725097959778012,Fp2,final,eye_close,beta
-0.06474185087836343,F3,final,eye_close,beta
-0.015761405215633066,F4,final,eye_close,beta
-0.07208938239488775,C3,final,eye_close,beta
0.06585758171695925,C4,final,eye_close,beta
-0.022514029544170987,P3,final,eye_close,beta
-0.06584399468328504,P4,final,eye_close,beta
0.01678306187073016,O1,final,eye_close,beta
-0.06805835832503647,O2,final,eye_close,beta
-0.079740749294036,F7,final,eye_close,beta
-0.0880851649206533,F8,final,eye_close,beta
-0.08285294024067531,T7,final,eye_close,beta
0.044935525145045487,T8,final,eye_close,beta
-0.0443569370587992,P7,final,eye_close,beta
-0.038255130741945316,P8,final,eye_close,beta
-0.08419784352562269,Fz,final,eye_close,beta
-0.04622417922088446,Cz,final,eye_close,beta
0.11386742679499001,Pz,final,eye_close,beta
0.020996474288657706,FC1,final,eye_close,beta
-0.11303194353997974,FC2,final,eye_close,beta
-0.12023902299692933,CP1,final,eye_close,beta
-0.11346288741636538,CP2,final,eye_close,beta
0.06084784904802472,FC5,final,eye_close,beta
-0.04962734740697541,FC6,final,eye_close,beta
-0.06021026498925517,CP5,final,eye_close,beta
-0.05187687118339046,CP6,final,eye_close,beta
-0.10639934636086197,FT9,final,eye_close,beta
-0.056021094073432996,FT10,final,eye_close,beta
0.3651501310947804,TP9,final,eye_close,beta
-0.036222498268218106,TP10,final,eye_close,beta
-0.0988135363708631,Fp1,midterm,eye_close,beta
-0.14330179170477428,Fp2,midterm,eye_close,beta
0.06534475887457386,F3,midterm,eye_close,beta
-0.0065169059055754635,F4,midterm,eye_close,beta
-0.026320790096478502,C3,midterm,eye_close,beta
0.5056815180460882,C4,midterm,eye_close,beta
0.19086838349439764,P3,midterm,eye_close,beta
-0.07299421686242466,P4,midterm,eye_close,beta
-0.005033569132386633,O1,midterm,eye_close,beta
0.01282680505533076,O2,midterm,eye_close,beta
-0.09887749136943504,F7,midterm,eye_close,beta
-0.11383327968269275,F8,midterm,eye_close,beta
0.008763343515720792,T7,midterm,eye_close,beta
0.04114580802138245,T8,midterm,eye_close,beta
0.2077777510094452,P7,midterm,eye_close,beta
0.004825112053901169,P8,midterm,eye_close,beta
-0.05685797702523038,Fz,midterm,eye_close,beta
0.20434891721757656,Cz,midterm,eye_close,beta
-0.03783337243040742,Pz,midterm,eye_close,beta
-0.026268823442176396,FC1,midterm,eye_close,beta
-0.06587281875638547,FC2,midterm,eye_close,beta
-0.10468596038047538,CP1,midterm,eye_close,beta
0.7526737359801018,CP2,midterm,eye_close,beta
-0.05162335181760348,FC5,midterm,eye_close,beta
-0.10644927908093037,FC6,midterm,eye_close,beta
0.11721122655146517,CP5,midterm,eye_close,beta
-0.06702337218358077,CP6,midterm,eye_close,beta
-0.11588269331450017,FT9,midterm,eye_close,beta
0.10355807968066741,FT10,midterm,eye_close,beta
0.32241135965560475,TP9,midterm,eye_close,beta
-0.033737279877033746,TP10,midterm,eye_close,beta
0.07214143878843444,Fp1,midterm,eye_close,beta
-0.12563864353784976,Fp2,midterm,eye_close,beta
-0.04718534323302914,F3,midterm,eye_close,beta
-0.011777311103427574,F4,midterm,eye_close,beta
-0.06099510543313566,C3,midterm,eye_close,beta
0.06294851925274797,C4,midterm,eye_close,beta
0.005508578362255279,P3,midterm,eye_close,beta
-0.0610178507187917,P4,midterm,eye_close,beta
0.012620263041998458,O1,midterm,eye_close,beta
-0.07754559352876976,O2,midterm,eye_close,beta
-0.08891602832966157,F7,midterm,eye_close,beta
-0.08908589466493896,F8,midterm,eye_close,beta
-0.07529064766693935,T7,midterm,eye_close,beta
0.02811921505830533,T8,midterm,eye_close,beta
-0.043487676366375766,P7,midterm,eye_close,beta
-0.03414146448239229,P8,midterm,eye_close,beta
-0.09209334202899752,Fz,midterm,eye_close,beta
-0.05592267905155818,Cz,midterm,eye_close,beta
0.12134647443291642,Pz,midterm,eye_close,beta
0.0016820357127218025,FC1,midterm,eye_close,beta
-0.10561616984131633,FC2,midterm,eye_close,beta
-0.11786539280942948,CP1,midterm,eye_close,beta
-0.11391846564557435,CP2,midterm,eye_close,beta
0.04415789251231918,FC5,midterm,eye_close,beta
-0.05855611463167323,FC6,midterm,eye_close,beta
-0.016319418868638642,CP5,midterm,eye_close,beta
-0.027630246026047692,CP6,midterm,eye_close,beta
-0.10454515198771716,FT9,midterm,eye_close,beta
-0.06105248552181363,FT10,midterm,eye_close,beta
0.3491695349896286,TP9,midterm,eye_close,beta
-0.03778399043603294,TP10,midterm,eye_close,beta
-0.09076745763672414,Fp1,final,eye_open,beta
-0.1416116500433388,Fp2,final,eye_open,beta
0.05679663067438655,F3,final,eye_open,beta
-0.03760719722345039,F4,final,eye_open,beta
-0.012623485758520568,C3,final,eye_open,beta
0.6183454539058768,C4,final,eye_open,beta
0.17187201618395734,P3,final,eye_open,beta
-0.08605001467789675,P4,final,eye_open,beta
0.025070705250358573,O1,final,eye_open,beta
0.017277120920440432,O2,final,eye_open,beta
-0.08480263131648348,F7,final,eye_open,beta
-0.11000160050297539,F8,final,eye_open,beta
0.016623184660747036,T7,final,eye_open,beta
0.07798233384451451,T8,final,eye_open,beta
0.20391613167607148,P7,final,eye_open,beta
0.031333681904256686,P8,final,eye_open,beta
-0.051530639586137385,Fz,final,eye_open,beta
0.1171900804221709,Cz,final,eye_open,beta
-0.01634032810146889,Pz,final,eye_open,beta
-0.03176950141117096,FC1,final,eye_open,beta
-0.035302934234282955,FC2,final,eye_open,beta
-0.1203120746266914,CP1,final,eye_open,beta
0.6611394309355655,CP2,final,eye_open,beta
-0.029971149714474715,FC5,final,eye_open,beta
-0.10414242046572468,FC6,final,eye_open,beta
0.037447091936783104,CP5,final,eye_open,beta
-0.08103191641116142,CP6,final,eye_open,beta
-0.10200492514942867,FT9,final,eye_open,beta
0.06278303662109953,FT10,final,eye_open,beta
0.29117754139072355,TP9,final,eye_open,beta
-0.04273224668862922,TP10,final,eye_open,beta
-0.04277203952308694,Fp1,final,eye_open,beta
-0.12548106642393422,Fp2,final,eye_open,beta
-0.05777642619889539,F3,final,eye_open,beta
-0.01953347073894524,F4,final,eye_open,beta
-0.058260543353229374,C3,final,eye_open,beta
0.11641805715315169,C4,final,eye_open,beta
-0.009123389341614524,P3,final,eye_open,beta
-0.06993689146165218,P4,final,eye_open,beta
-0.005763606495587835,O1,final,eye_open,beta
-0.07495971328636418,O2,final,eye_open,beta
-0.08340573792930789,F7,final,eye_open,beta
-0.08806217528352409,F8,final,eye_open,beta
-0.06574931168288045,T7,final,eye_open,beta
0.0984805286044775,T8,final,eye_open,beta
-0.0281493561559641,P7,final,eye_open,beta
-0.02193211598915744,P8,final,eye_open,beta
-0.07519184038812686,Fz,final,eye_open,beta
-0.036829130182235714,Cz,final,eye_open,beta
0.16917221212127145,Pz,final,eye_open,beta
-0.00047089008862004713,FC1,final,eye_open,beta
-0.10435492225283612,FC2,final,eye_open,beta
-0.11543107810318569,CP1,final,eye_open,beta
-0.11596939207328838,CP2,final,eye_open,beta
0.09819535750788592,FC5,final,eye_open,beta
-0.04195763350767585,FC6,final,eye_open,beta
-0.037763864895613806,CP5,final,eye_open,beta
-0.036637064186056265,CP6,final,eye_open,beta
-0.09178269155903246,FT9,final,eye_open,beta
-0.07677399289808717,FT10,final,eye_open,beta
0.28333967774167673,TP9,final,eye_open,beta
-0.05725970148919121,TP10,final,eye_open,beta
-0.07552759222243167,Fp1,midterm,eye_open,beta
-0.14238086135608272,Fp2,midterm,eye_open,beta
0.03226910377415347,F3,midterm,eye_open,beta
-0.04802974605693478,F4,midterm,eye_open,beta
-0.016919411323468782,C3,midterm,eye_open,beta
0.6567829731558781,C4,midterm,eye_open,beta
0.2131856007316893,P3,midterm,eye_open,beta
-0.0876601623441126,P4,midterm,eye_open,beta
0.02151973015955153,O1,midterm,eye_open,beta
0.030983804233047325,O2,midterm,eye_open,beta
-0.08751178612861502,F7,midterm,eye_open,beta
-0.120630843690485,F8,midterm,eye_open,beta
-0.0024064162604112735,T7,midterm,eye_open,beta
0.0808714760075095,T8,midterm,eye_open,beta
0.2673583928210427,P7,midterm,eye_open,beta
0.049257730531689935,P8,midterm,eye_open,beta
-0.034348795573566536,Fz,midterm,eye_open,beta
0.09470306137130108,Cz,midterm,eye_open,beta
-0.025634889236997197,Pz,midterm,eye_open,beta
-0.03116790280850625,FC1,midterm,eye_open,beta
-0.0413267780582379,FC2,midterm,eye_open,beta
-0.12192306022561442,CP1,midterm,eye_open,beta
0.8021041602613398,CP2,midterm,eye_open,beta
-0.05338280495867405,FC5,midterm,eye_open,beta
-0.11391413682340519,FC6,midterm,eye_open,beta
0.032756637757910545,CP5,midterm,eye_open,beta
-0.085719742330851,CP6,midterm,eye_open,beta
-0.10080788483814437,FT9,midterm,eye_open,beta
0.07238203859884364,FT10,midterm,eye_open,beta
0.3092548593553198,TP9,midterm,eye_open,beta
0.010232531875269112,TP10,midterm,eye_open,beta
-0.03835174288860356,Fp1,midterm,eye_open,beta
-0.11567701449753341,Fp2,midterm,eye_open,beta
-0.060217397522108564,F3,midterm,eye_open,beta
-0.03216263434361831,F4,midterm,eye_open,beta
-0.06447104522225729,C3,midterm,eye_open,beta
0.1139700597487746,C4,midterm,eye_open,beta
-0.0014705946729215154,P3,midterm,eye_open,beta
-0.07044929891200154,P4,midterm,eye_open,beta
-0.006637879800013665,O1,midterm,eye_open,beta
-0.07382095603085628,O2,midterm,eye_open,beta
-0.08032226811584012,F7,midterm,eye_open,beta
-0.09180522811439873,F8,midterm,eye_open,beta
-0.06986837902143435,T7,midterm,eye_open,beta
0.13057917597689547,T8,midterm,eye_open,beta
-0.035638035609804525,P7,midterm,eye_open,beta
-0.014329816166756671,P8,midterm,eye_open,beta
-0.08582788615103323,Fz,midterm,eye_open,beta
-0.05239231957111512,Cz,midterm,eye_open,beta
0.18677948283087673,Pz,midterm,eye_open,beta
-0.016547166984433436,FC1,midterm,eye_open,beta
-0.10839647512871828,FC2,midterm,eye_open,beta
-0.1212312598550163,CP1,midterm,eye_open,beta
-0.11698761313684762,CP2,midterm,eye_open,beta
0.08263974296095705,FC5,midterm,eye_open,beta
-0.0580625559144028,FC6,midterm,eye_open,beta
-0.06192040295828102,CP5,midterm,eye_open,beta
-0.010960034216674798,CP6,midterm,eye_open,beta
-0.10101717802701692,FT9,midterm,eye_open,beta
-0.06882838566777497,FT10,midterm,eye_open,beta
0.16883135861411774,TP9,midterm,eye_open,beta
-0.05422852329551139,TP10,midterm,eye_open,beta
0.16665983007758572,Fp1,final,eye_close,theta
-0.07448241509429857,Fp2,final,eye_close,theta
-0.01138481006335784,F3,final,eye_close,theta
0.06629922334874318,F4,final,eye_close,theta
0.17350917367801402,C3,final,eye_close,theta
-0.027313557008735785,C4,final,eye_close,theta
0.06727384943104417,P3,final,eye_close,theta
0.027274068375710486,P4,final,eye_close,theta
-0.014151421599780186,O1,final,eye_close,theta
-0.07811204029458284,O2,final,eye_close,theta
-0.02137637514370396,F7,final,eye_close,theta
-0.05969019358203981,F8,final,eye_close,theta
-0.07104192593122002,T7,final,eye_close,theta
-0.07418448825587887,T8,final,eye_close,theta
0.03297168942217633,P7,final,eye_close,theta
-0.11578430116609588,P8,final,eye_close,theta
0.1625783417365363,Fz,final,eye_close,theta
0.015517552392304054,Cz,final,eye_close,theta
0.01681876151704075,Pz,final,eye_close,theta
-0.05333524511423541,FC1,final,eye_close,theta
-0.012266601866045569,FC2,final,eye_close,theta
0.4657861703685098,CP1,final,eye_close,theta
0.0894077426571861,CP2,final,eye_close,theta
-0.0832375406379681,FC5,final,eye_close,theta
-0.13759086549819372,FC6,final,eye_close,theta
-0.10799621470760887,CP5,final,eye_close,theta
-0.13914556700356015,CP6,final,eye_close,theta
-0.0682367336893954,FT9,final,eye_close,theta
-0.10849772655048558,FT10,final,eye_close,theta
0.1555389736174982,TP9,final,eye_close,theta
-0.003973996137771445,TP10,final,eye_close,theta
0.03060305442818649,Fp1,final,eye_close,theta
0.02775180064996632,Fp2,final,eye_close,theta
0.05167545500936818,F3,final,eye_close,theta
-0.053099777836235276,F4,final,eye_close,theta
0.06318649631436819,C3,final,eye_close,theta
0.04811596138646505,C4,final,eye_close,theta
-0.12792973760931553,P3,final,eye_close,theta
-0.09788638440630283,P4,final,eye_close,theta
0.20975447781373138,O1,final,eye_close,theta
-0.06288946409387784,O2,final,eye_close,theta
-0.1018261886139854,F7,final,eye_close,theta
0.3498241742885462,F8,final,eye_close,theta
-0.03648056357507783,T7,final,eye_close,theta
-0.07771891355059844,T8,final,eye_close,theta
-0.06449374405540796,P7,final,eye_close,theta
-0.09925352445259772,P8,final,eye_close,theta
0.23677949563262093,Fz,final,eye_close,theta
0.004981831980587719,Cz,final,eye_close,theta
-0.11198158385922335,Pz,final,eye_close,theta
0.4352340038985894,FC1,final,eye_close,theta
-0.008992197267621835,FC2,final,eye_close,theta
-0.0541050358390451,CP1,final,eye_close,theta
0.1213138191807561,CP2,final,eye_close,theta
0.07045023043817408,FC5,final,eye_close,theta
-0.03131596113080412,FC6,final,eye_close,theta
-0.11201606707067534,CP5,final,eye_close,theta
-0.1339680121350875,CP6,final,eye_close,theta
-0.028814765034860614,FT9,final,eye_close,theta
-0.11515325878400957,FT10,final,eye_close,theta
-0.01399879236356387,TP9,final,eye_close,theta
1.2789318529001574,TP10,final,eye_close,theta
0.29054882549632827,Fp1,midterm,eye_close,theta
-0.09074005163775423,Fp2,midterm,eye_close,theta
-0.023612695626835132,F3,midterm,eye_close,theta
0.07938632724458079,F4,midterm,eye_close,theta
0.16098588134749064,C3,midterm,eye_close,theta
-0.025695128064570267,C4,midterm,eye_close,theta
0.03513578596505361,P3,midterm,eye_close,theta
0.013245686141185523,P4,midterm,eye_close,theta
-0.0572527038427527,O1,midterm,eye_close,theta
-0.09683858258308453,O2,midterm,eye_close,theta
0.025955555700732814,F7,midterm,eye_close,theta
-0.06073583656369307,F8,midterm,eye_close,theta
-0.07468728164548465,T7,midterm,eye_close,theta
-0.042948358026798326,T8,midterm,eye_close,theta
0.014259535137576933,P7,midterm,eye_close,theta
-0.12486726110953156,P8,midterm,eye_close,theta
0.14240685844751352,Fz,midterm,eye_close,theta
-0.011589310019302428,Cz,midterm,eye_close,theta
-0.0001862915222912324,Pz,midterm,eye_close,theta
-0.05931557472338639,FC1,midterm,eye_close,theta
0.01846856665565337,FC2,midterm,eye_close,theta
0.4546877747057406,CP1,midterm,eye_close,theta
0.11851134197214128,CP2,midterm,eye_close,theta
-0.07162897336199073,FC5,midterm,eye_close,theta
-0.12994388726382436,FC6,midterm,eye_close,theta
-0.11679139333585695,CP5,midterm,eye_close,theta
-0.145315782094152,CP6,midterm,eye_close,theta
-0.07757363861295077,FT9,midterm,eye_close,theta
-0.09640028594917839,FT10,midterm,eye_close,theta
0.24230606366072416,TP9,midterm,eye_close,theta
0.00872969690097948,TP10,midterm,eye_close,theta
0.04597626538623443,Fp1,midterm,eye_close,theta
0.028177560738062886,Fp2,midterm,eye_close,theta
0.04942185370681688,F3,midterm,eye_close,theta
-0.04571112955938622,F4,midterm,eye_close,theta
0.06200924936492447,C3,midterm,eye_close,theta
0.05120961173091475,C4,midterm,eye_close,theta
-0.12266167077433164,P3,midterm,eye_close,theta
-0.12116670066687124,P4,midterm,eye_close,theta
0.0630094633465097,O1,midterm,eye_close,theta
-0.0651058233223559,O2,midterm,eye_close,theta
-0.09155590698151118,F7,midterm,eye_close,theta
0.40638878926283417,F8,midterm,eye_close,theta
-0.024747867136168302,T7,midterm,eye_close,theta
-0.078125280674628,T8,midterm,eye_close,theta
-0.04349008515455096,P7,midterm,eye_close,theta
-0.10480966032868667,P8,midterm,eye_close,theta
0.22083978551074104,Fz,midterm,eye_close,theta
0.010044313249560321,Cz,midterm,eye_close,theta
-0.13641739564717537,Pz,midterm,eye_close,theta
0.5764496142106729,FC1,midterm,eye_close,theta
-0.013079180843528226,FC2,midterm,eye_close,theta
-0.04635742349457419,CP1,midterm,eye_close,theta
0.1466125459695744,CP2,midterm,eye_close,theta
0.06633288505138478,FC5,midterm,eye_close,theta
-0.012109058939815903,FC6,midterm,eye_close,theta
-0.11870230463563228,CP5,midterm,eye_close,theta
-0.13636875364729603,CP6,midterm,eye_close,theta
0.00037286090064066603,FT9,midterm,eye_close,theta
-0.10367187393626859,FT10,midterm,eye_close,theta
0.0009242777863475698,TP9,midterm,eye_close,theta
1.303979638222448,TP10,midterm,eye_close,theta
0.14417627592434165,Fp1,final,eye_open,theta
-0.10579403366525672,Fp2,final,eye_open,theta
-0.021952863512950595,F3,final,eye_open,theta
0.07431435067546051,F4,final,eye_open,theta
0.30197174790983855,C3,final,eye_open,theta
0.01891165966940972,C4,final,eye_open,theta
0.035435738347294604,P3,final,eye_open,theta
0.024875998104458234,P4,final,eye_open,theta
-0.06451462135951028,O1,final,eye_open,theta
-0.10819092981276654,O2,final,eye_open,theta
0.046068432804846876,F7,final,eye_open,theta
-0.059924291561196205,F8,final,eye_open,theta
-0.07938933952583613,T7,final,eye_open,theta
-0.03407231584259082,T8,final,eye_open,theta
0.06375403373228596,P7,final,eye_open,theta
-0.12969730949073435,P8,final,eye_open,theta
0.20778162252546986,Fz,final,eye_open,theta
0.02243424627436327,Cz,final,eye_open,theta
0.03666886179923811,Pz,final,eye_open,theta
-0.03476816832518322,FC1,final,eye_open,theta
0.008889644218542133,FC2,final,eye_open,theta
0.50165411163275,CP1,final,eye_open,theta
0.11524412276193702,CP2,final,eye_open,theta
-0.07820606833223558,FC5,final,eye_open,theta
-0.14303375512896974,FC6,final,eye_open,theta
-0.10991445604255665,CP5,final,eye_open,theta
-0.1453993489509081,CP6,final,eye_open,theta
-0.09850127174013766,FT9,final,eye_open,theta
-0.09192348048165361,FT10,final,eye_open,theta
0.15048678064198207,TP9,final,eye_open,theta
-0.007123915723000387,TP10,final,eye_open,theta
0.003841229391719091,Fp1,final,eye_open,theta
0.03610833994793927,Fp2,final,eye_open,theta
0.057185341567917915,F3,final,eye_open,theta
-0.06628626371168646,F4,final,eye_open,theta
0.13859263110108455,C3,final,eye_open,theta
0.06490735985791815,C4,final,eye_open,theta
-0.12558300241200657,P3,final,eye_open,theta
-0.12202928988272328,P4,final,eye_open,theta
0.0774949107543713,O1,final,eye_open,theta
-0.10903247484831595,O2,final,eye_open,theta
-0.1056066066220557,F7,final,eye_open,theta
0.3330777100044698,F8,final,eye_open,theta
-0.037200425923443234,T7,final,eye_open,theta
-0.10152664981486484,T8,final,eye_open,theta
-0.0832966883694474,P7,final,eye_open,theta
-0.0968838409551854,P8,final,eye_open,theta
0.2512664824190349,Fz,final,eye_open,theta
-0.022037480652781376,Cz,final,eye_open,theta
-0.14488508842157088,Pz,final,eye_open,theta
0.7067350146661753,FC1,final,eye_open,theta
0.045121932434540865,FC2,final,eye_open,theta
-0.04279218132347496,CP1,final,eye_open,theta
0.12871336158671048,CP2,final,eye_open,theta
0.06838861552433265,FC5,final,eye_open,theta
-0.012506524687170503,FC6,final,eye_open,theta
-0.10634457375790611,CP5,final,eye_open,theta
-0.14660687294271713,CP6,final,eye_open,theta
-0.0019760953714588656,FT9,final,eye_open,theta
-0.1179900095080458,FT10,final,eye_open,theta
-0.04962770192697032,TP9,final,eye_open,theta
1.003034257068091,TP10,final,eye_open,theta
0.08992290491687589,Fp1,midterm,eye_open,theta
-0.1034296058764863,Fp2,midterm,eye_open,theta
-0.013933641970052776,F3,midterm,eye_open,theta
0.07007645838926081,F4,midterm,eye_open,theta
0.18657073291813384,C3,midterm,eye_open,theta
0.008960562492879125,C4,midterm,eye_open,theta
0.051172955163238124,P3,midterm,eye_open,theta
0.10377232901098135,P4,midterm,eye_open,theta
-0.05076016165724131,O1,midterm,eye_open,theta
-0.09915131469885599,O2,midterm,eye_open,theta
0.005846267152762761,F7,midterm,eye_open,theta
-0.07011413469792818,F8,midterm,eye_open,theta
-0.04920865307601522,T7,midterm,eye_open,theta
-0.03392286176228756,T8,midterm,eye_open,theta
0.05207614177207511,P7,midterm,eye_open,theta
-0.11105543748872765,P8,midterm,eye_open,theta
0.23531430555793686,Fz,midterm,eye_open,theta
0.021030261395959787,Cz,midterm,eye_open,theta
0.023113972346078537,Pz,midterm,eye_open,theta
-0.030637522304001873,FC1,midterm,eye_open,theta
0.01274723503487402,FC2,midterm,eye_open,theta
0.6638088178545503,CP1,midterm,eye_open,theta
0.1219253298729704,CP2,midterm,eye_open,theta
-0.1129385188379968,FC5,midterm,eye_open,theta
-0.14397004623796236,FC6,midterm,eye_open,theta
-0.11374193609686609,CP5,midterm,eye_open,theta
-0.151149917381685,CP6,midterm,eye_open,theta
-0.1115474285445386,FT9,midterm,eye_open,theta
-0.08647198654387567,FT10,midterm,eye_open,theta
0.18273345060723686,TP9,midterm,eye_open,theta
0.09898420572468328,TP10,midterm,eye_open,theta
-0.023516155147299097,Fp1,midterm,eye_open,theta
0.03466598231015996,Fp2,midterm,eye_open,theta
0.05731771304943232,F3,midterm,eye_open,theta
-0.06958142192868245,F4,midterm,eye_open,theta
0.09732426734927001,C3,midterm,eye_open,theta
0.04360671076146494,C4,midterm,eye_open,theta
-0.14031773532801253,P3,midterm,eye_open,theta
-0.12476386172962453,P4,midterm,eye_open,theta
0.10289631566841992,O1,midterm,eye_open,theta
-0.11792303188848292,O2,midterm,eye_open,theta
-0.10657462821147108,F7,midterm,eye_open,theta
0.3274313068651842,F8,midterm,eye_open,theta
-0.027010675340479493,T7,midterm,eye_open,theta
-0.10138761232959882,T8,midterm,eye_open,theta
-0.08068182590253598,P7,midterm,eye_open,theta
-0.10466898166461296,P8,midterm,eye_open,theta
0.24806772228572005,Fz,midterm,eye_open,theta
-0.005494305651258649,Cz,midterm,eye_open,theta
-0.1466620260258284,Pz,midterm,eye_open,theta
0.7652428795286134,FC1,midterm,eye_open,theta
0.029628601648063226,FC2,midterm,eye_open,theta
-0.05657058436184653,CP1,midterm,eye_open,theta
0.15624889637075798,CP2,midterm,eye_open,theta
0.006276121810108875,FC5,midterm,eye_open,theta
-0.000581367643023453,FC6,midterm,eye_open,theta
-0.0928987902953255,CP5,midterm,eye_open,theta
-0.15112943246457003,CP6,midterm,eye_open,theta
-0.002463965094382603,FT9,midterm,eye_open,theta
-0.11226392733148076,FT10,midterm,eye_open,theta
-0.059563219931303917,TP9,midterm,eye_open,theta
1.0976971017854884,TP10,midterm,eye_open,theta
-0.11370683950752451,Fp1,final,eye_close,gamma
-0.0997828274164885,Fp2,final,eye_close,gamma
-0.07866298449551362,F3,final,eye_close,gamma
-0.08029477395371855,F4,final,eye_close,gamma
-0.11134892580214369,C3,final,eye_close,gamma
-0.03527783559239857,C4,final,eye_close,gamma
-0.1265841502716525,P3,final,eye_close,gamma
-0.11472672780454876,P4,final,eye_close,gamma
-0.12568507425412215,O1,final,eye_close,gamma
-0.12330790321684702,O2,final,eye_close,gamma
-0.14223261759218045,F7,final,eye_close,gamma
-0.1266960527171137,F8,final,eye_close,gamma
-0.04934640845433254,T7,final,eye_close,gamma
-0.11238302704973903,T8,final,eye_close,gamma
-0.04762637846690884,P7,final,eye_close,gamma
-0.038043368722737066,P8,final,eye_close,gamma
0.41845260682515956,Fz,final,eye_close,gamma
0.6499505644027036,Cz,final,eye_close,gamma
-0.09116214625201967,Pz,final,eye_close,gamma
-0.1039486649170267,FC1,final,eye_close,gamma
-0.08856106956681897,FC2,final,eye_close,gamma
-0.1119477252327549,CP1,final,eye_close,gamma
-0.10979301635156087,CP2,final,eye_close,gamma
-0.11031185253262772,FC5,final,eye_close,gamma
-0.13011437716678423,FC6,final,eye_close,gamma
-0.12320570629059902,CP5,final,eye_close,gamma
-0.13595161247663085,CP6,final,eye_close,gamma
-0.15831725073447783,FT9,final,eye_close,gamma
-0.10969970719369654,FT10,final,eye_close,gamma
-0.1022459210179898,TP9,final,eye_close,gamma
-0.018834167122530405,TP10,final,eye_close,gamma
-0.14805311493659812,Fp1,final,eye_close,gamma
-0.14113546697353382,Fp2,final,eye_close,gamma
-0.10553755021765733,F3,final,eye_close,gamma
-0.11472430786292875,F4,final,eye_close,gamma
-0.12205748217814942,C3,final,eye_close,gamma
-0.07144902283712827,C4,final,eye_close,gamma
-0.08190199955279415,P3,final,eye_close,gamma
-0.10342260439550044,P4,final,eye_close,gamma
-0.03311616412004396,O1,final,eye_close,gamma
0.2168715528554234,O2,final,eye_close,gamma
-0.12449730161457565,F7,final,eye_close,gamma
-0.16009258082850272,F8,final,eye_close,gamma
-0.011025712072300646,T7,final,eye_close,gamma
-0.11049790842297917,T8,final,eye_close,gamma
-0.07127515623990104,P7,final,eye_close,gamma
-0.019599933197186666,P8,final,eye_close,gamma
-0.06208332368016909,Fz,final,eye_close,gamma
0.11067532421467773,Cz,final,eye_close,gamma
-0.08281966404715392,Pz,final,eye_close,gamma
-0.11025805886975475,FC1,final,eye_close,gamma
-0.13705356499343624,FC2,final,eye_close,gamma
-0.05621375606546064,CP1,final,eye_close,gamma
-0.1241004529131206,CP2,final,eye_close,gamma
0.13490578897729372,FC5,final,eye_close,gamma
-0.12704215794188525,FC6,final,eye_close,gamma
-0.10505562449725371,CP5,final,eye_close,gamma
-0.10757719772189851,CP6,final,eye_close,gamma
-0.12800339763616447,FT9,final,eye_close,gamma
-0.09745841775541113,FT10,final,eye_close,gamma
-0.12078438432497889,TP9,final,eye_close,gamma
-0.11612665739454785,TP10,final,eye_close,gamma
-0.10503876281175009,Fp1,midterm,eye_close,gamma
-0.09616886607529156,Fp2,midterm,eye_close,gamma
-0.08459716422724119,F3,midterm,eye_close,gamma
-0.05604159063909578,F4,midterm,eye_close,gamma
-0.11763312217729653,C3,midterm,eye_close,gamma
-0.04537043812912623,C4,midterm,eye_close,gamma
-0.1318668292965719,P3,midterm,eye_close,gamma
-0.11917827052629527,P4,midterm,eye_close,gamma
-0.13390346810053524,O1,midterm,eye_close,gamma
-0.12280345791920085,O2,midterm,eye_close,gamma
-0.1454727703470846,F7,midterm,eye_close,gamma
-0.1372372939372661,F8,midterm,eye_close,gamma
-0.05850887278104277,T7,midterm,eye_close,gamma
-0.12469920479708214,T8,midterm,eye_close,gamma
-0.07022292211520216,P7,midterm,eye_close,gamma
-0.04410985152173357,P8,midterm,eye_close,gamma
0.36648139517440065,Fz,midterm,eye_close,gamma
0.549632045713603,Cz,midterm,eye_close,gamma
-0.10599327673291724,Pz,midterm,eye_close,gamma
-0.11455566359371644,FC1,midterm,eye_close,gamma
-0.09832647218845049,FC2,midterm,eye_close,gamma
-0.11030601049400696,CP1,midterm,eye_close,gamma
-0.1116252071489683,CP2,midterm,eye_close,gamma
-0.09944759763912758,FC5,midterm,eye_close,gamma
-0.13086620195254642,FC6,midterm,eye_close,gamma
-0.1328577120142211,CP5,midterm,eye_close,gamma
-0.14299046851446806,CP6,midterm,eye_close,gamma
-0.1647318066993512,FT9,midterm,eye_close,gamma
-0.11273276416068222,FT10,midterm,eye_close,gamma
-0.108207196897108,TP9,midterm,eye_close,gamma
-0.0190634820873038,TP10,midterm,eye_close,gamma
-0.14894164990696068,Fp1,midterm,eye_close,gamma
-0.13371181851838695,Fp2,midterm,eye_close,gamma
-0.11428139604368427,F3,midterm,eye_close,gamma
-0.11390885969357815,F4,midterm,eye_close,gamma
-0.12417619354017834,C3,midterm,eye_close,gamma
-0.08392481355358061,C4,midterm,eye_close,gamma
-0.09078322012457504,P3,midterm,eye_close,gamma
-0.10614507505016428,P4,midterm,eye_close,gamma
-0.047588619632106956,O1,midterm,eye_close,gamma
0.2057643311021661,O2,midterm,eye_close,gamma
-0.13555791879323278,F7,midterm,eye_close,gamma
-0.16747686294387984,F8,midterm,eye_close,gamma
-0.03166147431863387,T7,midterm,eye_close,gamma
-0.12060568752402007,T8,midterm,eye_close,gamma
-0.060480616581017395,P7,midterm,eye_close,gamma
-0.033140429645719546,P8,midterm,eye_close,gamma
-0.06603450293991989,Fz,midterm,eye_close,gamma
0.10593206687587597,Cz,midterm,eye_close,gamma
-0.09807849856603132,Pz,midterm,eye_close,gamma
-0.10637859362808914,FC1,midterm,eye_close,gamma
-0.13565152175200956,FC2,midterm,eye_close,gamma
-0.07191256544144428,CP1,midterm,eye_close,gamma
-0.11995119340122203,CP2,midterm,eye_close,gamma
0.10098302146382025,FC5,midterm,eye_close,gamma
-0.14033182410777026,FC6,midterm,eye_close,gamma
-0.11060320049486314,CP5,midterm,eye_close,gamma
-0.10656487125963017,CP6,midterm,eye_close,gamma
-0.13532596164290045,FT9,midterm,eye_close,gamma
-0.10540429657597611,FT10,midterm,eye_close,gamma
-0.13115313119206876,TP9,midterm,eye_close,gamma
-0.12452716584057014,TP10,midterm,eye_close,gamma
-0.12654413980249943,Fp1,final,eye_open,gamma
-0.1296359027197501,Fp2,final,eye_open,gamma
-0.07529422526777717,F3,final,eye_open,gamma
-0.059962016110573245,F4,final,eye_open,gamma
-0.11876388639363768,C3,final,eye_open,gamma
-0.03921670555137936,C4,final,eye_open,gamma
-0.12415374556406296,P3,final,eye_open,gamma
-0.11398372760335145,P4,final,eye_open,gamma
-0.12933841035381377,O1,final,eye_open,gamma
-0.1345815989350032,O2,final,eye_open,gamma
-0.1265728559390344,F7,final,eye_open,gamma
-0.1466172101647008,F8,final,eye_open,gamma
-0.0933259900327289,T7,final,eye_open,gamma
-0.09890586354368813,T8,final,eye_open,gamma
-0.06614425893641296,P7,final,eye_open,gamma
-0.043627758030232756,P8,final,eye_open,gamma
0.3757423821088495,Fz,final,eye_open,gamma
0.8563410969292028,Cz,final,eye_open,gamma
-0.09051275823265949,Pz,final,eye_open,gamma
-0.10331333957472964,FC1,final,eye_open,gamma
-0.0833387800649876,FC2,final,eye_open,gamma
-0.08725419356992911,CP1,final,eye_open,gamma
-0.11154185314456275,CP2,final,eye_open,gamma
-0.11487748051558042,FC5,final,eye_open,gamma
-0.1247144075699677,FC6,final,eye_open,gamma
-0.11977607375102921,CP5,final,eye_open,gamma
-0.14381025206846978,CP6,final,eye_open,gamma
-0.16957466230374296,FT9,final,eye_open,gamma
-0.11804303114657448,FT10,final,eye_open,gamma
-0.09556054359127451,TP9,final,eye_open,gamma
-0.02549903183409792,TP10,final,eye_open,gamma
-0.16384309232991867,Fp1,final,eye_open,gamma
-0.1591825507786525,Fp2,final,eye_open,gamma
-0.07676536072256826,F3,final,eye_open,gamma
-0.11474516430659974,F4,final,eye_open,gamma
-0.12764077424308926,C3,final,eye_open,gamma
-0.09234018115312072,C4,final,eye_open,gamma
-0.08659591826492277,P3,final,eye_open,gamma
-0.09556822960769601,P4,final,eye_open,gamma
-0.05560861544957365,O1,final,eye_open,gamma
0.15675710277342172,O2,final,eye_open,gamma
-0.13784804367290912,F7,final,eye_open,gamma
-0.1673308316310211,F8,final,eye_open,gamma
-0.07960744655058806,T7,final,eye_open,gamma
-0.13588104825921,T8,final,eye_open,gamma
-0.04689166649086685,P7,final,eye_open,gamma
-0.015211200158626047,P8,final,eye_open,gamma
-0.06083426209658424,Fz,final,eye_open,gamma
0.15441116649555886,Cz,final,eye_open,gamma
-0.0808357532708262,Pz,final,eye_open,gamma
-0.10257995982512308,FC1,final,eye_open,gamma
-0.14459573529573708,FC2,final,eye_open,gamma
-0.046901153632649614,CP1,final,eye_open,gamma
-0.12480161677544754,CP2,final,eye_open,gamma
0.13618519355031625,FC5,final,eye_open,gamma
-0.14833348964401738,FC6,final,eye_open,gamma
-0.08989604245770622,CP5,final,eye_open,gamma
-0.11612377900275128,CP6,final,eye_open,gamma
-0.1332441615813472,FT9,final,eye_open,gamma
-0.1340666445475811,FT10,final,eye_open,gamma
-0.11906758112137099,TP9,final,eye_open,gamma
-0.13490511346247663,TP10,final,eye_open,gamma
-0.12794523739501093,Fp1,midterm,eye_open,gamma
-0.12608825550423738,Fp2,midterm,eye_open,gamma
-0.08932200149123164,F3,midterm,eye_open,gamma
-0.05209246724514074,F4,midterm,eye_open,gamma
-0.12107672848135118,C3,midterm,eye_open,gamma
-0.03102454085586568,C4,midterm,eye_open,gamma
-0.1297756602108506,P3,midterm,eye_open,gamma
-0.12059772687464038,P4,midterm,eye_open,gamma
-0.1260302153097213,O1,midterm,eye_open,gamma
-0.13536481752010135,O2,midterm,eye_open,gamma
-0.11583150283610777,F7,midterm,eye_open,gamma
-0.14850753372186767,F8,midterm,eye_open,gamma
-0.1165493243193096,T7,midterm,eye_open,gamma
-0.11760275069237683,T8,midterm,eye_open,gamma
-0.06956450600859733,P7,midterm,eye_open,gamma
-0.019950469027638845,P8,midterm,eye_open,gamma
0.3334368226104149,Fz,midterm,eye_open,gamma
0.631947745934136,Cz,midterm,eye_open,gamma
-0.09701076636473248,Pz,midterm,eye_open,gamma
-0.10466641672400805,FC1,midterm,eye_open,gamma
-0.09471702505415372,FC2,midterm,eye_open,gamma
-0.09124723415645782,CP1,midterm,eye_open,gamma
-0.11869653686211667,CP2,midterm,eye_open,gamma
-0.13023034083655582,FC5,midterm,eye_open,gamma
-0.13325648128501172,FC6,midterm,eye_open,gamma
-0.12450769488365165,CP5,midterm,eye_open,gamma
-0.13866086441451062,CP6,midterm,eye_open,gamma
-0.16409234898136968,FT9,midterm,eye_open,gamma
-0.11523355500408726,FT10,midterm,eye_open,gamma
-0.0974916818392264,TP9,midterm,eye_open,gamma
-0.012973267724906505,TP10,midterm,eye_open,gamma
-0.16430600474794688,Fp1,midterm,eye_open,gamma
-0.16412156507280687,Fp2,midterm,eye_open,gamma
-0.07975684842610656,F3,midterm,eye_open,gamma
-0.12082447124534244,F4,midterm,eye_open,gamma
-0.13326600453534598,C3,midterm,eye_open,gamma
-0.09142546180662536,C4,midterm,eye_open,gamma
-0.09147122422317394,P3,midterm,eye_open,gamma
-0.08664686157678518,P4,midterm,eye_open,gamma
-0.015824412327126534,O1,midterm,eye_open,gamma
0.22288444759244413,O2,midterm,eye_open,gamma
-0.14525474889777762,F7,midterm,eye_open,gamma
-0.17170788042282878,F8,midterm,eye_open,gamma
-0.10803061933654702,T7,midterm,eye_open,gamma
-0.15253990336361345,T8,midterm,eye_open,gamma
-0.03809503709509781,P7,midterm,eye_open,gamma
-0.014222760101162253,P8,midterm,eye_open,gamma
-0.06613531718836389,Fz,midterm,eye_open,gamma
0.1557268827679703,Cz,midterm,eye_open,gamma
-0.09828525329488778,Pz,midterm,eye_open,gamma
-0.11471470775489943,FC1,midterm,eye_open,gamma
-0.1507148524950585,FC2,midterm,eye_open,gamma
-0.03501575411014722,CP1,midterm,eye_open,gamma
-0.12180200164447505,CP2,midterm,eye_open,gamma
0.17591197143741727,FC5,midterm,eye_open,gamma
-0.1567355302140111,FC6,midterm,eye_open,gamma
-0.08871900969603469,CP5,midterm,eye_open,gamma
-0.11458775846782077,CP6,midterm,eye_open,gamma
-0.13753783928716454,FT9,midterm,eye_open,gamma
-0.12384415046150657,FT10,midterm,eye_open,gamma
-0.12024500693719874,TP9,midterm,eye_open,gamma
-0.1370863524198834,TP10,midterm,eye_open,gamma
0.20148248292606818,Fp1,final,eye_close,delta
0.2592103510302227,Fp2,final,eye_close,delta
0.11621871082019704,F3,final,eye_close,delta
-0.0005315064462928377,F4,final,eye_close,delta
0.02661186505365765,C3,final,eye_close,delta
-0.074694653227613,C4,final,eye_close,delta
-0.1063918778389269,P3,final,eye_close,delta
0.13991295852793065,P4,final,eye_close,delta
-0.06029125378527591,O1,final,eye_close,delta
-0.09491916224707554,O2,final,eye_close,delta
-0.10615443958664941,F7,final,eye_close,delta
-0.07537248520485065,F8,final,eye_close,delta
-0.11761206617303689,T7,final,eye_close,delta
-0.09403473916562022,T8,final,eye_close,delta
-0.07330136542695624,P7,final,eye_close,delta
-0.07376586656107659,P8,final,eye_close,delta
-0.010186025353218766,Fz,final,eye_close,delta
0.40448878466253924,Cz,final,eye_close,delta
-0.01115192028780278,Pz,final,eye_close,delta
0.18892529193747098,FC1,final,eye_close,delta
0.009418181497784157,FC2,final,eye_close,delta
0.03624885864986574,CP1,final,eye_close,delta
0.045841476692996715,CP2,final,eye_close,delta
-0.11444437293203572,FC5,final,eye_close,delta
-0.028708999358938534,FC6,final,eye_close,delta
-0.09367220770852619,CP5,final,eye_close,delta
-0.09261794417662943,CP6,final,eye_close,delta
-0.04546949280006191,FT9,final,eye_close,delta
-0.009252876818950956,FT10,final,eye_close,delta
-0.09249726203646536,TP9,final,eye_close,delta
-0.11406539534209813,TP10,final,eye_close,delta
0.20527423287743127,Fp1,final,eye_close,delta
-0.07400190661078868,Fp2,final,eye_close,delta
-0.11087676106897927,F3,final,eye_close,delta
-0.07181697498308384,F4,final,eye_close,delta
0.011509520157387782,C3,final,eye_close,delta
-0.05242024250240229,C4,final,eye_close,delta
-0.07751181277253259,P3,final,eye_close,delta
0.011077192183093922,P4,final,eye_close,delta
0.0812702125339746,O1,final,eye_close,delta
-0.05588117593528115,O2,final,eye_close,delta
-0.09874623633553943,F7,final,eye_close,delta
-0.07490047853705002,F8,final,eye_close,delta
-0.14866089127248813,T7,final,eye_close,delta
-0.1088992191458704,T8,final,eye_close,delta
-0.0041580350167768065,P7,final,eye_close,delta
-0.0407584917560657,P8,final,eye_close,delta
0.04288550038248343,Fz,final,eye_close,delta
0.652222794908396,Cz,final,eye_close,delta
0.38201937526195023,Pz,final,eye_close,delta
0.5385024833151428,FC1,final,eye_close,delta
0.12288722607031759,FC2,final,eye_close,delta
-0.10139514290012697,CP1,final,eye_close,delta
1.0686726033804588,CP2,final,eye_close,delta
-0.0580012229469711,FC5,final,eye_close,delta
0.07596240749132827,FC6,final,eye_close,delta
-0.09261902761956507,CP5,final,eye_close,delta
-0.07304350384909795,CP6,final,eye_close,delta
-0.06458999804014723,FT9,final,eye_close,delta
-0.09250806311125957,FT10,final,eye_close,delta
-0.12148084325916861,TP9,final,eye_close,delta
-0.09136625045136045,TP10,final,eye_close,delta
0.2591553794039437,Fp1,midterm,eye_close,delta
0.23180821728131906,Fp2,midterm,eye_close,delta
0.12819842243857937,F3,midterm,eye_close,delta
0.0036836425626976025,F4,midterm,eye_close,delta
0.0015892518359195643,C3,midterm,eye_close,delta
-0.07253874007007519,C4,midterm,eye_close,delta
-0.09767665149442593,P3,midterm,eye_close,delta
0.015509640644977217,P4,midterm,eye_close,delta
-0.06481879340510198,O1,midterm,eye_close,delta
-0.1036256295268384,O2,midterm,eye_close,delta
-0.11930555695938798,F7,midterm,eye_close,delta
-0.05224396428490511,F8,midterm,eye_close,delta
-0.1199578736016995,T7,midterm,eye_close,delta
-0.08649926435360455,T8,midterm,eye_close,delta
-0.058774233118006745,P7,midterm,eye_close,delta
-0.07215225252594164,P8,midterm,eye_close,delta
0.019959201886669546,Fz,midterm,eye_close,delta
0.36848082901022844,Cz,midterm,eye_close,delta
-0.008360393101622938,Pz,midterm,eye_close,delta
0.1040762323817734,FC1,midterm,eye_close,delta
0.005981202606076243,FC2,midterm,eye_close,delta
0.020865769214801065,CP1,midterm,eye_close,delta
0.04474842655464611,CP2,midterm,eye_close,delta
-0.11380742599194742,FC5,midterm,eye_close,delta
0.013324970592922612,FC6,midterm,eye_close,delta
-0.10479596860909354,CP5,midterm,eye_close,delta
-0.094681854878892,CP6,midterm,eye_close,delta
-0.05907677545840306,FT9,midterm,eye_close,delta
-0.011493049715139234,FT10,midterm,eye_close,delta
-0.07346568613662167,TP9,midterm,eye_close,delta
-0.12823078387701145,TP10,midterm,eye_close,delta
0.18284057097810386,Fp1,midterm,eye_close,delta
-0.047873068043097766,Fp2,midterm,eye_close,delta
-0.13371554304961067,F3,midterm,eye_close,delta
-0.08289210823304664,F4,midterm,eye_close,delta
0.015912143609145123,C3,midterm,eye_close,delta
-0.08449893237236315,C4,midterm,eye_close,delta
-0.07245068120606976,P3,midterm,eye_close,delta
0.0300476933569435,P4,midterm,eye_close,delta
0.10466933889670124,O1,midterm,eye_close,delta
-0.03239481807728106,O2,midterm,eye_close,delta
-0.0884902371566687,F7,midterm,eye_close,delta
-0.061634045899913545,F8,midterm,eye_close,delta
-0.13503432324068104,T7,midterm,eye_close,delta
-0.0924725370428387,T8,midterm,eye_close,delta
-0.016747690367331605,P7,midterm,eye_close,delta
-0.05363542561951165,P8,midterm,eye_close,delta
0.034542315049124826,Fz,midterm,eye_close,delta
0.6530776403435652,Cz,midterm,eye_close,delta
0.3812016548113572,Pz,midterm,eye_close,delta
0.3822113280890287,FC1,midterm,eye_close,delta
0.11228839097265382,FC2,midterm,eye_close,delta
-0.08957943760377222,CP1,midterm,eye_close,delta
1.2129315433597454,CP2,midterm,eye_close,delta
-0.05529045028406882,FC5,midterm,eye_close,delta
0.1170855479849455,FC6,midterm,eye_close,delta
-0.10062350509544565,CP5,midterm,eye_close,delta
-0.07176772779942693,CP6,midterm,eye_close,delta
-0.08107706666612746,FT9,midterm,eye_close,delta
-0.09597144990541236,FT10,midterm,eye_close,delta
-0.10713781831049746,TP9,midterm,eye_close,delta
-0.07511617562423693,TP10,midterm,eye_close,delta
0.13177514096305,Fp1,final,eye_open,delta
0.30907391048792376,Fp2,final,eye_open,delta
0.03583568396214986,F3,final,eye_open,delta
-0.06147597245822743,F4,final,eye_open,delta
0.05983294926562996,C3,final,eye_open,delta
-0.05336106710402393,C4,final,eye_open,delta
-0.08819622969133997,P3,final,eye_open,delta
0.25806747261484836,P4,final,eye_open,delta
-0.05914550236567234,O1,final,eye_open,delta
-0.0805750794721348,O2,final,eye_open,delta
-0.09246316385728269,F7,final,eye_open,delta
-0.08203230747885962,F8,final,eye_open,delta
-0.13224687048254996,T7,final,eye_open,delta
-0.10520773781980043,T8,final,eye_open,delta
0.03702031348128078,P7,final,eye_open,delta
-0.07222947381929769,P8,final,eye_open,delta
0.011005413771969941,Fz,final,eye_open,delta
0.4118908290550681,Cz,final,eye_open,delta
-0.02825463720916749,Pz,final,eye_open,delta
0.19004048256864242,FC1,final,eye_open,delta
0.0009483828206206596,FC2,final,eye_open,delta
0.08973194393823165,CP1,final,eye_open,delta
0.041462390821006105,CP2,final,eye_open,delta
-0.10360139714850615,FC5,final,eye_open,delta
0.024936663299285386,FC6,final,eye_open,delta
-0.07216531016958862,CP5,final,eye_open,delta
-0.09428635728905119,CP6,final,eye_open,delta
-0.048589998286648305,FT9,final,eye_open,delta
0.013142523554276336,FT10,final,eye_open,delta
-0.08709071279514374,TP9,final,eye_open,delta
-0.09342926213057465,TP10,final,eye_open,delta
0.1491867509936272,Fp1,final,eye_open,delta
-0.09355190242835332,Fp2,final,eye_open,delta
-0.15113714226791436,F3,final,eye_open,delta
-0.06879081305773756,F4,final,eye_open,delta
0.0005641843106468314,C3,final,eye_open,delta
-0.037820898316916346,C4,final,eye_open,delta
-0.06693666202428285,P3,final,eye_open,delta
-0.026226884212716937,P4,final,eye_open,delta
0.0706320320181354,O1,final,eye_open,delta
-0.07347547930642147,O2,final,eye_open,delta
-0.09843927710952984,F7,final,eye_open,delta
-0.11534220775981294,F8,final,eye_open,delta
-0.13282500689403942,T7,final,eye_open,delta
-0.09894018830811856,T8,final,eye_open,delta
-0.043240376095244254,P7,final,eye_open,delta
-0.0006223568420213279,P8,final,eye_open,delta
0.0320233746382991,Fz,final,eye_open,delta
0.8077412117050449,Cz,final,eye_open,delta
0.28892616588882936,Pz,final,eye_open,delta
0.4817873345246081,FC1,final,eye_open,delta
0.12469424478753931,FC2,final,eye_open,delta
-0.10196523571535167,CP1,final,eye_open,delta
0.9901377940296368,CP2,final,eye_open,delta
-0.051695133693749035,FC5,final,eye_open,delta
0.15437287949547326,FC6,final,eye_open,delta
-0.07867700595102865,CP5,final,eye_open,delta
-0.08456584723537826,CP6,final,eye_open,delta
-0.07484373269452536,FT9,final,eye_open,delta
-0.10704896158335081,FT10,final,eye_open,delta
-0.1228757639569235,TP9,final,eye_open,delta
-0.07481851997940137,TP10,final,eye_open,delta
0.11962766991797356,Fp1,midterm,eye_open,delta
0.2983892341078791,Fp2,midterm,eye_open,delta
0.015186315041356677,F3,midterm,eye_open,delta
-0.08102451164883925,F4,midterm,eye_open,delta
0.06386216849198392,C3,midterm,eye_open,delta
-0.06555569171952534,C4,midterm,eye_open,delta
-0.10655707564647895,P3,midterm,eye_open,delta
0.16642217598283904,P4,midterm,eye_open,delta
-0.07096853868977174,O1,midterm,eye_open,delta
-0.06446146076844277,O2,midterm,eye_open,delta
-0.0890029953353175,F7,midterm,eye_open,delta
-0.08185863186978014,F8,midterm,eye_open,delta
-0.13197490807435014,T7,midterm,eye_open,delta
-0.08956585776872496,T8,midterm,eye_open,delta
0.03891520617705514,P7,midterm,eye_open,delta
-0.06204444615715965,P8,midterm,eye_open,delta
0.051583634408116336,Fz,midterm,eye_open,delta
0.4706072572589484,Cz,midterm,eye_open,delta
-0.03248543270330988,Pz,midterm,eye_open,delta
0.1655443565663346,FC1,midterm,eye_open,delta
-0.018938368851338674,FC2,midterm,eye_open,delta
0.07595358987220174,CP1,midterm,eye_open,delta
0.026448025229273524,CP2,midterm,eye_open,delta
-0.103137110462619,FC5,midterm,eye_open,delta
-0.0002812232680077406,FC6,midterm,eye_open,delta
-0.08809122221776772,CP5,midterm,eye_open,delta
-0.11362905036187106,CP6,midterm,eye_open,delta
-0.06082491635960769,FT9,midterm,eye_open,delta
0.06197989637118514,FT10,midterm,eye_open,delta
-0.07660187611763604,TP9,midterm,eye_open,delta
-0.08500787588563995,TP10,midterm,eye_open,delta
0.09172606855965117,Fp1,midterm,eye_open,delta
-0.10590095963291572,Fp2,midterm,eye_open,delta
-0.15362954522335664,F3,midterm,eye_open,delta
-0.06680147300973219,F4,midterm,eye_open,delta
-0.03096658118541051,C3,midterm,eye_open,delta
-0.02319931107477793,C4,midterm,eye_open,delta
-0.07312925113541846,P3,midterm,eye_open,delta
-0.04438761196427844,P4,midterm,eye_open,delta
0.06209732416546293,O1,midterm,eye_open,delta
-0.08306426910740843,O2,midterm,eye_open,delta
-0.12633419206251062,F7,midterm,eye_open,delta
-0.12711656504721522,F8,midterm,eye_open,delta
-0.1469278722790291,T7,midterm,eye_open,delta
-0.12038884409193644,T8,midterm,eye_open,delta
-0.03445784451646223,P7,midterm,eye_open,delta
0.023834591061230603,P8,midterm,eye_open,delta
0.03204283919834745,Fz,midterm,eye_open,delta
0.7619185855423021,Cz,midterm,eye_open,delta
0.3204195090537644,Pz,midterm,eye_open,delta
0.498856421524106,FC1,midterm,eye_open,delta
0.1283030017766797,FC2,midterm,eye_open,delta
-0.08732376594577582,CP1,midterm,eye_open,delta
0.9242176854244543,CP2,midterm,eye_open,delta
-0.07315557994548766,FC5,midterm,eye_open,delta
0.10953831550424006,FC6,midterm,eye_open,delta
-0.07214335276499403,CP5,midterm,eye_open,delta
-0.0962030037497402,CP6,midterm,eye_open,delta
-0.09393230471595969,FT9,midterm,eye_open,delta
-0.07984625988109319,FT10,midterm,eye_open,delta
-0.1345730684897236,TP9,midterm,eye_open,delta
-0.054723600295079326,TP10,midterm,eye_open,delta
